id_entidad,estado,id_mpio,mpio_mty,id_localidad,localidad,id_ageb,folio_ageb,pop_total,viviendas_hab,pop_15_edu_incomp,pop_15_24_no_educ,pop_no_salud,pop_hacinamiento,viviendas_no_excusado,viviendas_piso_tierra,viviendas_no_agua,viviendas_no_drenaje,viviendas_no_ee,rezago_social
19,Nuevo León,39,Monterrey,1,MONTERREY,29,1.9039E+12,4172,1025,0.379,0.676,0.280,3.441,0.683,1.561,0.195,0.000,0.000,Bajo
19,Nuevo León,39,Monterrey,1,MONTERREY,33,1.9039E+12,3783,1004,0.365,0.571,0.278,3.407,0.498,0.199,0.000,0.000,0.100,Bajo
19,Nuevo León,39,Monterrey,1,MONTERREY,48,1.9039E+12,3177,739,0.398,0.698,0.310,6.250,0.541,1.759,0.000,0.000,0.135,Bajo
19,Nuevo León,39,Monterrey,1,MONTERREY,52,1.9039E+12,4477,1080,0.411,0.672,0.309,4.762,0.926,1.574,0.000,0.000,0.093,Bajo
19,Nuevo León,39,Monterrey,1,MONTERREY,67,1.9039E+12,3294,925,0.256,0.501,0.204,0.435,0.432,1.405,0.000,0.000,0.000,Bajo
19,Nuevo León,39,Monterrey,1,MONTERREY,71,1.9039E+12,2683,769,0.220,0.423,0.164,0.130,0.390,0.780,0.000,0.000,0.000,Bajo
19,Nuevo León,39,Monterrey,1,MONTERREY,103,1.9039E+12,2793,777,0.228,0.430,0.186,0.388,0.129,0.000,0.000,0.000,0.000,Bajo
19,Nuevo León,39,Monterrey,1,MONTERREY,118,1.9039E+12,5468,1304,0.410,0.691,0.265,3.171,0.767,0.690,0.000,0.000,0.000,Bajo
19,Nuevo León,39,Monterrey,1,MONTERREY,122,1.9039E+12,4599,1213,0.398,0.686,0.297,3.574,0.330,0.742,0.165,0.000,0.000,Bajo
19,Nuevo León,39,Monterrey,1,MONTERREY,137,1.9039E+12,5167,1323,0.318,0.594,0.191,0.381,0.680,0.454,0.076,0.000,0.000,Bajo
19,Nuevo León,39,Monterrey,1,MONTERREY,141,1.9039E+12,4170,1159,0.215,0.448,0.141,0.865,0.259,0.173,0.000,0.086,0.000,Bajo
19,Nuevo León,39,Monterrey,1,MONTERREY,156,1.9039E+12,3506,918,0.235,0.484,0.190,0.328,0.327,0.218,0.109,0.109,0.000,Bajo
19,Nuevo León,39,Monterrey,1,MONTERREY,160,1.9039E+12,1648,433,0.210,0.456,0.205,0.234,0.462,0.231,0.000,0.000,0.000,Bajo
19,Nuevo León,39,Monterrey,1,MONTERREY,175,1.9039E+12,1459,426,0.245,0.405,0.224,0.000,0.469,0.000,0.235,0.235,0.235,Bajo
19,Nuevo León,39,Monterrey,1,MONTERREY,194,1.9039E+12,3168,770,0.356,0.623,0.239,1.040,0.130,0.390,0.130,0.000,0.000,Bajo
19,Nuevo León,39,Monterrey,1,MONTERREY,207,1.9039E+12,3399,773,0.423,0.785,0.303,3.622,0.129,1.035,0.259,0.000,0.000,Bajo
19,Nuevo León,39,Monterrey,1,MONTERREY,226,1.9039E+12,5406,1182,0.434,0.714,0.260,8.426,0.931,3.469,0.677,0.169,0.085,Bajo
19,Nuevo León,39,Monterrey,1,MONTERREY,245,1.9039E+12,3273,887,0.324,0.585,0.193,0.453,0.676,0.338,0.000,0.000,0.000,Bajo
19,Nuevo León,39,Monterrey,1,MONTERREY,264,1.9039E+12,4536,1106,0.397,0.671,0.305,2.930,1.447,1.447,0.271,0.271,0.090,Bajo
19,Nuevo León,39,Monterrey,1,MONTERREY,279,1.9039E+12,2357,643,0.237,0.444,0.186,0.314,0.311,0.000,0.000,0.000,0.000,Bajo
19,Nuevo León,39,Monterrey,1,MONTERREY,283,1.9039E+12,3041,816,0.304,0.553,0.224,8.231,1.838,7.230,2.206,1.225,0.490,Bajo
19,Nuevo León,39,Monterrey,1,MONTERREY,298,1.9039E+12,3794,941,0.275,0.554,0.248,2.348,0.638,1.169,0.213,0.000,0.106,Bajo
19,Nuevo León,39,Monterrey,1,MONTERREY,315,1.9039E+12,4134,965,0.448,0.703,0.295,4.927,1.347,1.244,0.207,0.104,0.000,Bajo
19,Nuevo León,39,Monterrey,1,MONTERREY,334,1.9039E+12,1430,340,0.354,0.625,0.277,4.217,1.765,0.588,0.588,0.294,0.000,Bajo
19,Nuevo León,39,Monterrey,1,MONTERREY,349,1.9039E+12,3325,885,0.246,0.437,0.194,1.138,0.791,0.000,0.000,0.113,0.113,Bajo
19,Nuevo León,39,Monterrey,1,MONTERREY,353,1.9039E+12,3583,1019,0.248,0.422,0.184,0.000,0.981,1.570,0.000,0.000,0.098,Bajo
19,Nuevo León,39,Monterrey,1,MONTERREY,372,1.9039E+12,2859,801,0.118,0.408,0.169,0.126,0.999,1.623,0.000,0.000,0.000,Bajo
19,Nuevo León,39,Monterrey,1,MONTERREY,391,1.9039E+12,4202,1026,0.461,0.635,0.274,4.374,4.386,1.559,0.975,0.585,0.097,Bajo
19,Nuevo León,39,Monterrey,1,MONTERREY,404,1.9039E+12,3751,929,0.250,0.543,0.229,4.207,0.108,1.076,0.108,0.000,0.108,Bajo
19,Nuevo León,39,Monterrey,1,MONTERREY,423,1.9039E+12,4492,1029,0.419,0.667,0.275,5.237,1.263,0.292,0.583,0.194,0.097,Bajo
19,Nuevo León,39,Monterrey,1,MONTERREY,438,1.9039E+12,4210,848,0.430,0.748,0.293,6.946,2.358,0.943,0.825,1.061,0.354,Bajo
19,Nuevo León,39,Monterrey,1,MONTERREY,442,1.9039E+12,3348,758,0.423,0.678,0.257,3.311,2.111,1.979,0.528,1.847,0.000,Bajo
19,Nuevo León,39,Monterrey,1,MONTERREY,457,1.9039E+12,3976,1060,0.151,0.463,0.190,0.095,0.377,3.962,0.000,0.094,0.000,Bajo
19,Nuevo León,39,Monterrey,1,MONTERREY,461,1.9039E+12,3742,1061,0.136,0.435,0.180,0.189,0.283,2.262,0.094,0.000,0.000,Bajo
19,Nuevo León,39,Monterrey,1,MONTERREY,480,1.9039E+12,1548,456,0.236,0.442,0.184,0.439,0.000,0.000,0.000,0.000,0.000,Bajo
19,Nuevo León,39,Monterrey,1,MONTERREY,495,1.9039E+12,1661,402,0.237,0.413,0.217,0.779,4.229,1.244,0.000,0.000,0.000,Bajo
19,Nuevo León,39,Monterrey,1,MONTERREY,508,1.9039E+12,3110,871,0.339,0.465,0.238,0.695,0.689,1.033,0.230,0.115,0.115,Bajo
19,Nuevo León,39,Monterrey,1,MONTERREY,512,1.9039E+12,3131,782,0.256,0.515,0.219,1.307,1.662,2.813,0.000,0.000,0.000,Bajo
19,Nuevo León,39,Monterrey,1,MONTERREY,527,1.9039E+12,5656,529,0.369,0.853,0.464,0.569,0.567,1.323,0.378,0.189,0.000,Bajo
19,Nuevo León,39,Monterrey,1,MONTERREY,531,1.9039E+12,5733,1380,0.387,0.617,0.263,5.037,2.826,2.174,0.072,0.072,0.072,Bajo
19,Nuevo León,39,Monterrey,1,MONTERREY,546,1.9039E+12,3215,900,0.240,0.470,0.243,1.528,5.222,1.889,0.000,0.000,0.111,Bajo
19,Nuevo León,39,Monterrey,1,MONTERREY,550,1.9039E+12,2495,601,0.424,0.649,0.242,3.596,2.829,0.998,0.333,0.000,0.166,Bajo
19,Nuevo León,39,Monterrey,1,MONTERREY,565,1.9039E+12,3229,685,0.414,0.690,0.291,6.557,2.190,1.314,0.146,0.292,0.000,Bajo
19,Nuevo León,39,Monterrey,1,MONTERREY,584,1.9039E+12,3796,920,0.310,0.637,0.205,1.770,1.739,0.217,0.326,0.109,0.109,Bajo
19,Nuevo León,39,Monterrey,1,MONTERREY,599,1.9039E+12,2833,823,0.045,0.322,0.087,0.000,0.608,1.701,0.000,0.000,0.000,Bajo
19,Nuevo León,39,Monterrey,1,MONTERREY,601,1.9039E+12,6221,1434,0.345,0.656,0.269,5.307,0.976,1.046,0.139,0.139,0.070,Bajo
19,Nuevo León,39,Monterrey,1,MONTERREY,620,1.9039E+12,2757,840,0.044,0.285,0.160,0.000,0.357,1.310,0.000,0.000,0.000,Bajo
19,Nuevo León,39,Monterrey,1,MONTERREY,635,1.9039E+12,2648,813,0.124,0.323,0.192,0.125,1.476,0.984,0.369,0.000,0.000,Bajo
19,Nuevo León,39,Monterrey,1,MONTERREY,654,1.9039E+12,3268,976,0.149,0.363,0.186,0.108,4.508,0.615,0.102,0.000,0.000,Bajo
19,Nuevo León,39,Monterrey,1,MONTERREY,669,1.9039E+12,2654,730,0.333,0.626,0.229,1.816,1.781,0.548,0.274,0.137,0.137,Bajo
19,Nuevo León,39,Monterrey,1,MONTERREY,673,1.9039E+12,2764,688,0.355,0.670,0.287,4.572,1.453,1.744,0.727,0.000,0.145,Bajo
19,Nuevo León,39,Monterrey,1,MONTERREY,688,1.9039E+12,2522,606,0.342,0.610,0.211,2.504,1.485,1.815,1.320,0.660,0.000,Bajo
19,Nuevo León,39,Monterrey,1,MONTERREY,692,1.9039E+12,1372,399,0.069,0.386,0.160,0.251,1.003,1.253,0.000,0.251,0.251,Bajo
19,Nuevo León,39,Monterrey,1,MONTERREY,705,1.9039E+12,2147,630,0.047,0.263,0.119,0.000,1.587,2.063,0.000,0.000,0.159,Bajo
19,Nuevo León,39,Monterrey,1,MONTERREY,739,1.9039E+12,1875,582,0.137,0.358,0.143,0.000,0.515,0.515,0.344,0.172,0.000,Bajo
19,Nuevo León,39,Monterrey,1,MONTERREY,743,1.9039E+12,1971,617,0.267,0.413,0.232,0.329,0.972,0.648,0.162,0.000,0.162,Bajo
19,Nuevo León,39,Monterrey,1,MONTERREY,758,1.9039E+12,1230,363,0.143,0.423,0.218,0.298,7.713,1.653,0.000,0.275,0.000,Bajo
19,Nuevo León,39,Monterrey,1,MONTERREY,762,1.9039E+12,2071,582,0.349,0.624,0.264,4.844,0.687,1.546,1.203,0.344,0.515,Bajo
19,Nuevo León,39,Monterrey,1,MONTERREY,777,1.9039E+12,1760,514,0.260,0.574,0.247,4.697,0.389,1.751,0.584,0.389,0.778,Bajo
19,Nuevo León,39,Monterrey,1,MONTERREY,781,1.9039E+12,386,122,0.185,0.446,0.244,2.564,4.098,0.000,0.820,0.000,0.000,Bajo
19,Nuevo León,39,Monterrey,1,MONTERREY,809,1.9039E+12,72,25,0.255,0.500,0.208,4.167,4.000,0.000,12.000,4.000,4.000,Bajo
19,Nuevo León,39,Monterrey,1,MONTERREY,813,1.9039E+12,1482,447,0.202,0.505,0.237,0.686,2.013,0.671,0.447,0.000,0.000,Bajo
19,Nuevo León,39,Monterrey,1,MONTERREY,828,1.9039E+12,1316,388,0.133,0.443,0.155,1.136,8.247,0.000,0.000,0.000,0.000,Bajo
19,Nuevo León,39,Monterrey,1,MONTERREY,832,1.9039E+12,582,182,0.149,0.317,0.125,0.000,3.297,0.549,0.000,0.000,0.000,Bajo
19,Nuevo León,39,Monterrey,1,MONTERREY,847,1.9039E+12,1208,323,0.311,0.690,0.223,3.774,1.858,1.548,0.310,0.000,0.310,Bajo
19,Nuevo León,39,Monterrey,1,MONTERREY,851,1.9039E+12,1865,543,0.316,0.626,0.181,1.139,2.210,0.184,0.184,0.000,0.184,Bajo
19,Nuevo León,39,Monterrey,1,MONTERREY,866,1.9039E+12,1639,499,0.057,0.277,0.109,0.000,0.601,2.204,0.200,0.000,0.000,Bajo
19,Nuevo León,39,Monterrey,1,MONTERREY,870,1.9039E+12,4385,1103,0.309,0.639,0.272,4.095,0.363,0.363,0.272,0.000,0.000,Bajo
19,Nuevo León,39,Monterrey,1,MONTERREY,885,1.9039E+12,1697,568,0.117,0.325,0.182,0.366,3.697,1.056,0.000,0.000,0.000,Bajo
19,Nuevo León,39,Monterrey,1,MONTERREY,902,1.9039E+12,3080,941,0.084,0.320,0.148,0.000,7.226,0.850,0.000,0.000,0.000,Bajo
19,Nuevo León,39,Monterrey,1,MONTERREY,917,1.9039E+12,3124,940,0.213,0.527,0.245,0.781,4.574,0.638,0.106,0.000,0.000,Bajo
19,Nuevo León,39,Monterrey,1,MONTERREY,921,1.9039E+12,2552,663,0.410,0.722,0.287,7.264,4.374,1.810,1.357,1.508,0.000,Bajo
19,Nuevo León,39,Monterrey,1,MONTERREY,936,1.9039E+12,2335,691,0.230,0.526,0.251,1.447,0.000,1.737,0.000,0.000,0.000,Bajo
19,Nuevo León,39,Monterrey,1,MONTERREY,940,1.9039E+12,3746,946,0.363,0.680,0.294,4.862,3.805,2.431,0.106,0.317,0.000,Bajo
19,Nuevo León,39,Monterrey,1,MONTERREY,955,1.9039E+12,284,81,0.353,0.633,0.306,2.469,0.000,1.235,0.000,0.000,1.235,Bajo
19,Nuevo León,39,Monterrey,1,MONTERREY,974,1.9039E+12,816,284,0.127,0.346,0.223,0.357,0.704,0.352,0.352,0.000,0.352,Bajo
19,Nuevo León,39,Monterrey,1,MONTERREY,989,1.9039E+12,3026,1007,0.187,0.601,0.198,3.916,1.688,0.993,0.000,0.000,0.199,Bajo
19,Nuevo León,39,Monterrey,1,MONTERREY,993,1.9039E+12,1261,341,0.356,0.705,0.274,4.706,0.587,2.639,0.293,0.587,0.587,Bajo
19,Nuevo León,39,Monterrey,1,MONTERREY,1008,1.9039E+12,2215,622,0.327,0.696,0.242,4.187,0.643,1.125,0.482,0.161,0.000,Bajo
19,Nuevo León,39,Monterrey,1,MONTERREY,1012,1.9039E+12,1524,451,0.300,0.782,0.302,2.439,0.000,1.552,0.222,0.000,0.222,Bajo
19,Nuevo León,39,Monterrey,1,MONTERREY,1027,1.9039E+12,553,173,0.300,0.609,0.278,1.754,1.734,0.000,0.000,0.578,0.000,Bajo
19,Nuevo León,39,Monterrey,1,MONTERREY,1031,1.9039E+12,1366,392,0.377,0.690,0.318,3.590,0.510,0.510,0.000,0.000,0.000,Bajo
19,Nuevo León,39,Monterrey,1,MONTERREY,1046,1.9039E+12,2039,603,0.355,0.651,0.305,2.170,1.161,0.498,0.829,0.000,0.000,Bajo
19,Nuevo León,39,Monterrey,1,MONTERREY,1050,1.9039E+12,1625,447,0.346,0.669,0.260,0.472,5.369,7.383,0.000,0.000,0.671,Bajo
19,Nuevo León,39,Monterrey,1,MONTERREY,1065,1.9039E+12,2269,624,0.391,0.714,0.282,2.927,0.962,1.282,0.000,0.000,0.481,Bajo
19,Nuevo León,39,Monterrey,1,MONTERREY,1084,1.9039E+12,1884,520,0.336,0.682,0.204,4.660,0.962,0.385,0.000,0.000,0.192,Bajo
19,Nuevo León,39,Monterrey,1,MONTERREY,1099,1.9039E+12,2015,491,0.360,0.647,0.242,4.008,3.462,1.222,0.204,0.204,0.407,Bajo
19,Nuevo León,39,Monterrey,1,MONTERREY,1101,1.9039E+12,2682,655,0.331,0.678,0.259,2.733,4.885,6.718,0.153,0.153,0.000,Bajo
19,Nuevo León,39,Monterrey,1,MONTERREY,1116,1.9039E+12,12,3,0.000,0.000,0.000,0.000,0.000,0.000,0.000,0.000,0.000,Bajo
19,Nuevo León,39,Monterrey,1,MONTERREY,1120,1.9039E+12,2996,896,0.208,0.356,0.153,0.225,0.558,0.670,0.112,0.000,0.000,Bajo
19,Nuevo León,39,Monterrey,1,MONTERREY,1135,1.9039E+12,1839,600,0.043,0.259,0.093,0.000,6.167,2.667,0.000,0.000,0.000,Bajo
19,Nuevo León,39,Monterrey,1,MONTERREY,1154,1.9039E+12,1713,566,0.057,0.208,0.160,0.000,1.060,1.237,0.530,0.000,0.000,Bajo
19,Nuevo León,39,Monterrey,1,MONTERREY,1169,1.9039E+12,1290,399,0.080,0.168,0.188,0.000,3.509,0.501,0.000,0.000,0.000,Bajo
19,Nuevo León,39,Monterrey,1,MONTERREY,1173,1.9039E+12,2195,746,0.105,0.307,0.173,0.141,5.094,0.670,0.000,0.000,0.000,Bajo
19,Nuevo León,39,Monterrey,1,MONTERREY,1188,1.9039E+12,3377,906,0.257,0.604,0.222,2.591,6.291,0.662,0.110,0.000,0.000,Bajo
19,Nuevo León,39,Monterrey,1,MONTERREY,1192,1.9039E+12,3196,975,0.222,0.516,0.240,1.909,3.077,0.410,0.103,0.103,0.000,Bajo
19,Nuevo León,39,Monterrey,1,MONTERREY,1205,1.9039E+12,97,27,0.225,0.923,0.227,0.000,22.222,0.000,0.000,0.000,3.704,Medio
19,Nuevo León,39,Monterrey,1,MONTERREY,1224,1.9039E+12,3514,1042,0.420,0.767,0.352,4.058,1.152,3.455,1.727,0.672,0.096,Bajo
19,Nuevo León,39,Monterrey,1,MONTERREY,1239,1.9039E+12,3463,997,0.308,0.708,0.276,3.557,0.401,2.006,0.100,0.201,0.100,Bajo
19,Nuevo León,39,Monterrey,1,MONTERREY,1243,1.9039E+12,768,251,0.504,0.726,0.296,9.639,0.398,1.992,0.000,0.000,0.398,Bajo
19,Nuevo León,39,Monterrey,1,MONTERREY,1258,1.9039E+12,808,273,0.346,0.748,0.350,2.996,2.564,1.832,0.366,0.000,0.000,Bajo
19,Nuevo León,39,Monterrey,1,MONTERREY,1262,1.9039E+12,1768,527,0.230,0.530,0.205,1.533,0.949,0.190,0.000,0.000,0.000,Bajo
19,Nuevo León,39,Monterrey,1,MONTERREY,1277,1.9039E+12,1883,576,0.283,0.646,0.258,1.043,0.347,2.778,0.000,0.000,0.347,Bajo
19,Nuevo León,39,Monterrey,1,MONTERREY,1281,1.9039E+12,166,53,0.142,0.560,0.253,0.000,0.000,5.660,0.000,0.000,0.000,Bajo
19,Nuevo León,39,Monterrey,1,MONTERREY,1309,1.9039E+12,1887,635,0.248,0.583,0.241,1.605,2.205,0.315,0.157,0.157,0.000,Bajo
19,Nuevo León,39,Monterrey,1,MONTERREY,1313,1.9039E+12,5414,1519,0.216,0.500,0.213,1.657,1.053,3.752,0.066,0.329,0.000,Bajo
19,Nuevo León,39,Monterrey,1,MONTERREY,1328,1.9039E+12,1438,439,0.288,0.550,0.223,0.457,0.456,1.139,0.228,0.228,0.000,Bajo
19,Nuevo León,39,Monterrey,1,MONTERREY,1332,1.9039E+12,3518,911,0.318,0.611,0.257,2.235,1.427,2.195,0.220,0.329,0.110,Bajo
19,Nuevo León,39,Monterrey,1,MONTERREY,1347,1.9039E+12,4292,1158,0.307,0.585,0.244,1.656,0.950,0.950,0.259,0.000,0.086,Bajo
19,Nuevo León,39,Monterrey,1,MONTERREY,1351,1.9039E+12,3265,892,0.355,0.649,0.234,2.985,2.803,0.448,0.785,0.561,0.000,Bajo
19,Nuevo León,39,Monterrey,1,MONTERREY,1370,1.9039E+12,1225,343,0.153,0.238,0.079,0.000,2.915,0.000,0.000,0.000,0.000,Bajo
19,Nuevo León,39,Monterrey,1,MONTERREY,1385,1.9039E+12,1834,590,0.251,0.576,0.262,0.685,1.017,0.847,0.000,0.000,0.000,Bajo
19,Nuevo León,39,Monterrey,1,MONTERREY,1402,1.9039E+12,766,217,0.091,0.291,0.159,0.000,0.461,0.000,0.000,0.000,0.000,Bajo
19,Nuevo León,39,Monterrey,1,MONTERREY,1417,1.9039E+12,3171,887,0.038,0.283,0.103,0.000,0.676,0.338,0.000,0.000,0.000,Bajo
19,Nuevo León,39,Monterrey,1,MONTERREY,1421,1.9039E+12,3078,882,0.033,0.337,0.099,0.000,8.730,1.701,0.113,0.113,0.000,Bajo
19,Nuevo León,39,Monterrey,1,MONTERREY,1436,1.9039E+12,1636,538,0.036,0.329,0.111,0.000,0.743,0.186,0.000,0.000,0.000,Bajo
19,Nuevo León,39,Monterrey,1,MONTERREY,1440,1.9039E+12,1650,531,0.072,0.257,0.118,0.194,2.637,0.942,0.000,0.000,0.000,Bajo
19,Nuevo León,39,Monterrey,1,MONTERREY,1455,1.9039E+12,1052,367,0.066,0.269,0.174,0.000,11.444,1.635,0.000,0.000,0.000,Bajo
19,Nuevo León,39,Monterrey,1,MONTERREY,1474,1.9039E+12,1515,475,0.139,0.382,0.295,0.224,6.316,0.211,0.000,0.000,0.000,Bajo
19,Nuevo León,39,Monterrey,1,MONTERREY,1489,1.9039E+12,1965,655,0.136,0.505,0.238,0.173,12.366,1.832,0.000,0.000,0.153,Bajo
19,Nuevo León,39,Monterrey,1,MONTERREY,1493,1.9039E+12,687,193,0.249,0.748,0.362,0.568,8.808,0.518,0.000,0.000,0.000,Bajo
19,Nuevo León,39,Monterrey,1,MONTERREY,1506,1.9039E+12,238,73,0.159,0.500,0.294,4.225,2.740,2.740,0.000,0.000,0.000,Bajo
19,Nuevo León,39,Monterrey,1,MONTERREY,1510,1.9039E+12,348,118,0.141,0.537,0.247,0.000,5.085,8.475,0.000,0.000,0.000,Bajo
19,Nuevo León,39,Monterrey,1,MONTERREY,1525,1.9039E+12,505,187,0.098,0.313,0.230,0.000,1.604,1.070,0.000,0.000,0.535,Bajo
19,Nuevo León,39,Monterrey,1,MONTERREY,1544,1.9039E+12,387,130,0.110,0.379,0.289,0.000,8.462,4.615,0.000,0.000,0.000,Bajo
19,Nuevo León,39,Monterrey,1,MONTERREY,1559,1.9039E+12,744,284,0.094,0.433,0.216,0.000,5.282,3.169,0.352,0.000,0.000,Bajo
19,Nuevo León,39,Monterrey,1,MONTERREY,1563,1.9039E+12,1100,455,0.182,0.496,0.211,0.685,3.077,18.242,0.000,0.000,0.220,Bajo
19,Nuevo León,39,Monterrey,1,MONTERREY,1578,1.9039E+12,1640,622,0.154,0.502,0.233,0.332,4.341,4.341,0.482,0.000,0.161,Bajo
19,Nuevo León,39,Monterrey,1,MONTERREY,1582,1.9039E+12,2349,759,0.202,0.550,0.217,1.084,1.581,0.132,0.132,0.132,0.132,Bajo
19,Nuevo León,39,Monterrey,1,MONTERREY,1614,1.9039E+12,2699,824,0.172,0.461,0.181,0.125,2.549,0.850,0.243,0.000,0.000,Bajo
19,Nuevo León,39,Monterrey,1,MONTERREY,1629,1.9039E+12,2002,649,0.154,0.427,0.181,1.700,0.308,1.079,0.000,0.000,0.154,Bajo
19,Nuevo León,39,Monterrey,1,MONTERREY,1633,1.9039E+12,1211,373,0.099,0.377,0.181,0.295,10.188,1.609,0.000,0.000,0.000,Bajo
19,Nuevo León,39,Monterrey,1,MONTERREY,1648,1.9039E+12,1509,500,0.076,0.333,0.137,0.000,18.000,1.400,0.000,0.000,0.000,Bajo
19,Nuevo León,39,Monterrey,1,MONTERREY,1652,1.9039E+12,1479,488,0.090,0.390,0.169,0.248,17.008,0.615,0.000,0.000,0.000,Bajo
19,Nuevo León,39,Monterrey,1,MONTERREY,1667,1.9039E+12,919,338,0.134,0.448,0.201,0.610,2.663,0.296,0.000,0.000,0.000,Bajo
19,Nuevo León,39,Monterrey,1,MONTERREY,1671,1.9039E+12,2673,953,0.131,0.470,0.227,1.570,6.925,0.420,0.000,0.105,0.000,Bajo
19,Nuevo León,39,Monterrey,1,MONTERREY,1686,1.9039E+12,286,55,0.099,0.625,0.189,7.500,25.455,0.000,0.000,0.000,0.000,Bajo
19,Nuevo León,39,Monterrey,1,MONTERREY,1690,1.9039E+12,263,98,0.137,0.484,0.217,0.000,1.020,0.000,0.000,0.000,0.000,Bajo
19,Nuevo León,39,Monterrey,1,MONTERREY,1703,1.9039E+12,1862,701,0.137,0.360,0.264,0.435,1.569,0.571,0.285,0.143,0.285,Bajo
19,Nuevo León,39,Monterrey,1,MONTERREY,1722,1.9039E+12,455,161,0.073,0.316,0.127,0.000,13.043,0.000,0.000,0.000,0.000,Bajo
19,Nuevo León,39,Monterrey,1,MONTERREY,1737,1.9039E+12,147,50,0.064,0.348,0.177,0.000,28.000,2.000,0.000,0.000,0.000,Bajo
19,Nuevo León,39,Monterrey,1,MONTERREY,1756,1.9039E+12,267,95,0.102,0.471,0.154,0.000,8.421,0.000,0.000,0.000,0.000,Bajo
19,Nuevo León,39,Monterrey,1,MONTERREY,1760,1.9039E+12,2131,616,0.242,0.641,0.246,2.636,6.656,2.273,0.325,0.000,0.000,Bajo
19,Nuevo León,39,Monterrey,1,MONTERREY,1775,1.9039E+12,3437,1012,0.275,0.592,0.226,3.644,2.372,0.593,0.296,0.198,0.099,Bajo
19,Nuevo León,39,Monterrey,1,MONTERREY,1794,1.9039E+12,2582,733,0.267,0.526,0.200,1.534,2.592,0.136,0.000,0.136,0.000,Bajo
19,Nuevo León,39,Monterrey,1,MONTERREY,1807,1.9039E+12,2686,808,0.102,0.312,0.137,0.250,1.238,0.124,0.000,0.000,0.000,Bajo
19,Nuevo León,39,Monterrey,1,MONTERREY,1811,1.9039E+12,4123,1204,0.115,0.379,0.143,0.768,2.658,0.415,0.332,0.000,0.000,Bajo
19,Nuevo León,39,Monterrey,1,MONTERREY,1826,1.9039E+12,811,267,0.069,0.232,0.091,0.000,1.498,2.247,1.124,0.000,0.000,Bajo
19,Nuevo León,39,Monterrey,1,MONTERREY,1830,1.9039E+12,820,222,0.061,0.283,0.094,0.000,9.910,3.153,0.000,0.000,0.000,Bajo
19,Nuevo León,39,Monterrey,1,MONTERREY,1845,1.9039E+12,1645,605,0.047,0.226,0.094,0.000,11.901,0.331,0.000,0.165,0.000,Bajo
19,Nuevo León,39,Monterrey,1,MONTERREY,1879,1.9039E+12,2753,735,0.345,0.670,0.257,5.650,3.401,0.544,0.544,0.000,0.272,Bajo
19,Nuevo León,39,Monterrey,1,MONTERREY,1883,1.9039E+12,2905,767,0.354,0.701,0.285,4.881,1.304,1.173,0.391,0.000,0.000,Bajo
19,Nuevo León,39,Monterrey,1,MONTERREY,1898,1.9039E+12,2863,756,0.290,0.604,0.244,3.075,1.058,0.926,0.265,0.000,0.000,Bajo
19,Nuevo León,39,Monterrey,1,MONTERREY,1900,1.9039E+12,1366,413,0.281,0.632,0.263,1.496,3.632,1.453,0.484,0.726,0.000,Bajo
19,Nuevo León,39,Monterrey,1,MONTERREY,1915,1.9039E+12,1213,381,0.246,0.588,0.245,0.792,0.262,8.136,0.525,0.000,0.000,Bajo
19,Nuevo León,39,Monterrey,1,MONTERREY,1934,1.9039E+12,1463,409,0.146,0.395,0.167,0.491,0.000,2.200,0.000,0.000,0.000,Bajo
19,Nuevo León,39,Monterrey,1,MONTERREY,1953,1.9039E+12,5047,1163,0.434,0.723,0.264,6.500,3.955,0.860,0.258,0.516,0.000,Bajo
19,Nuevo León,39,Monterrey,1,MONTERREY,1968,1.9039E+12,2600,672,0.392,0.626,0.248,3.400,3.869,1.042,0.298,0.446,0.000,Bajo
19,Nuevo León,39,Monterrey,1,MONTERREY,1972,1.9039E+12,2652,696,0.344,0.659,0.262,4.906,0.144,0.575,0.431,0.000,0.000,Bajo
19,Nuevo León,39,Monterrey,1,MONTERREY,1987,1.9039E+12,2808,765,0.303,0.550,0.231,3.030,0.654,0.261,0.392,0.000,0.000,Bajo
19,Nuevo León,39,Monterrey,1,MONTERREY,1991,1.9039E+12,3684,1073,0.276,0.594,0.245,3.500,1.118,0.652,0.186,0.000,0.000,Bajo
19,Nuevo León,39,Monterrey,1,MONTERREY,2006,1.9039E+12,1424,487,0.084,0.209,0.154,0.000,0.821,1.027,0.000,0.205,0.000,Bajo
19,Nuevo León,39,Monterrey,1,MONTERREY,2010,1.9039E+12,427,58,0.019,0.040,0.063,0.000,0.000,3.448,0.000,0.000,0.000,Bajo
19,Nuevo León,39,Monterrey,1,MONTERREY,2025,1.9039E+12,4032,1287,0.105,0.268,0.137,0.313,1.243,0.777,0.078,0.000,0.000,Bajo
19,Nuevo León,39,Monterrey,1,MONTERREY,2044,1.9039E+12,2010,539,0.243,0.388,0.227,1.158,2.597,0.186,0.000,0.000,0.000,Bajo
19,Nuevo León,39,Monterrey,1,MONTERREY,2063,1.9039E+12,2025,677,0.093,0.353,0.195,0.148,0.148,0.886,0.000,0.000,0.000,Bajo
19,Nuevo León,39,Monterrey,1,MONTERREY,2078,1.9039E+12,2425,692,0.195,0.462,0.208,2.924,0.145,6.358,0.145,0.000,0.145,Bajo
19,Nuevo León,39,Monterrey,1,MONTERREY,2082,1.9039E+12,2143,687,0.089,0.260,0.142,0.000,0.582,4.367,0.000,0.146,0.000,Bajo
19,Nuevo León,39,Monterrey,1,MONTERREY,2097,1.9039E+12,1998,821,0.043,0.180,0.141,0.245,0.487,0.244,0.122,0.000,0.000,Bajo
19,Nuevo León,39,Monterrey,1,MONTERREY,2114,1.9039E+12,2392,740,0.057,0.339,0.149,0.137,0.811,0.000,0.000,0.000,0.000,Bajo
19,Nuevo León,39,Monterrey,1,MONTERREY,2129,1.9039E+12,4162,1107,0.339,0.666,0.281,8.577,0.994,2.981,0.361,0.090,0.000,Bajo
19,Nuevo León,39,Monterrey,1,MONTERREY,2133,1.9039E+12,3558,915,0.431,0.760,0.289,11.960,1.530,2.732,0.437,0.984,0.546,Bajo
19,Nuevo León,39,Monterrey,1,MONTERREY,2152,1.9039E+12,2310,661,0.112,0.370,0.176,0.305,1.362,1.362,0.000,0.000,0.000,Bajo
19,Nuevo León,39,Monterrey,1,MONTERREY,2167,1.9039E+12,3084,978,0.074,0.281,0.155,0.104,0.716,1.329,0.102,0.102,0.000,Bajo
19,Nuevo León,39,Monterrey,1,MONTERREY,2186,1.9039E+12,1124,340,0.096,0.341,0.177,0.297,0.588,4.706,0.000,0.000,0.000,Bajo
19,Nuevo León,39,Monterrey,1,MONTERREY,2190,1.9039E+12,1179,364,0.069,0.239,0.114,0.276,2.747,1.923,0.000,0.000,0.000,Bajo
19,Nuevo León,39,Monterrey,1,MONTERREY,2203,1.9039E+12,2785,903,0.059,0.306,0.154,0.000,0.554,5.426,0.332,0.000,0.000,Bajo
19,Nuevo León,39,Monterrey,1,MONTERREY,2218,1.9039E+12,1806,551,0.087,0.337,0.133,0.737,0.726,4.356,0.181,0.000,0.000,Bajo
19,Nuevo León,39,Monterrey,1,MONTERREY,2222,1.9039E+12,2924,788,0.382,0.697,0.277,11.012,1.269,0.254,0.000,0.000,0.000,Bajo
19,Nuevo León,39,Monterrey,1,MONTERREY,2241,1.9039E+12,1413,444,0.078,0.297,0.156,0.464,0.225,3.829,0.450,0.000,0.000,Bajo
19,Nuevo León,39,Monterrey,1,MONTERREY,2256,1.9039E+12,4256,1067,0.206,0.496,0.222,1.070,3.468,2.999,0.000,0.000,0.094,Bajo
19,Nuevo León,39,Monterrey,1,MONTERREY,2260,1.9039E+12,2827,787,0.085,0.285,0.189,0.000,1.652,0.889,0.000,0.000,0.000,Bajo
19,Nuevo León,39,Monterrey,1,MONTERREY,2275,1.9039E+12,3551,1168,0.058,0.302,0.130,0.000,0.342,0.771,0.086,0.000,0.000,Bajo
19,Nuevo León,39,Monterrey,1,MONTERREY,2294,1.9039E+12,3300,924,0.042,0.327,0.107,0.125,14.286,1.299,0.000,0.000,0.000,Bajo
19,Nuevo León,39,Monterrey,1,MONTERREY,2307,1.9039E+12,2640,800,0.052,0.269,0.134,0.000,1.625,0.750,0.000,0.000,0.125,Bajo
19,Nuevo León,39,Monterrey,1,MONTERREY,2345,1.9039E+12,3036,790,0.045,0.264,0.120,0.000,4.177,0.000,0.127,0.000,0.000,Bajo
19,Nuevo León,39,Monterrey,1,MONTERREY,2364,1.9039E+12,2455,579,0.072,0.312,0.128,0.000,2.936,0.518,0.000,0.000,0.000,Bajo
19,Nuevo León,39,Monterrey,1,MONTERREY,2383,1.9039E+12,4737,1118,0.422,0.698,0.329,9.946,2.415,1.699,0.537,0.894,0.179,Bajo
19,Nuevo León,39,Monterrey,1,MONTERREY,2398,1.9039E+12,8748,2032,0.494,0.760,0.309,7.418,2.510,2.461,5.512,1.329,0.246,Bajo
19,Nuevo León,39,Monterrey,1,MONTERREY,2400,1.9039E+12,4984,1115,0.447,0.711,0.316,4.882,0.628,0.717,0.628,0.090,0.000,Bajo
19,Nuevo León,39,Monterrey,1,MONTERREY,2453,1.9039E+12,1882,701,0.085,0.463,0.185,0.000,6.990,0.000,0.000,0.000,0.000,Bajo
19,Nuevo León,39,Monterrey,1,MONTERREY,2468,1.9039E+12,2540,659,0.166,0.461,0.179,4.283,8.194,0.455,0.000,0.152,0.000,Bajo
19,Nuevo León,39,Monterrey,1,MONTERREY,2472,1.9039E+12,4177,985,0.238,0.509,0.202,3.119,2.437,0.609,0.000,0.102,0.000,Bajo
19,Nuevo León,39,Monterrey,1,MONTERREY,2519,1.9039E+12,6492,1369,0.498,0.759,0.311,9.604,0.804,3.287,7.232,2.557,0.000,Bajo
19,Nuevo León,39,Monterrey,1,MONTERREY,2523,1.9039E+12,6520,1533,0.185,0.593,0.241,2.301,0.652,0.978,0.130,0.130,0.000,Bajo
19,Nuevo León,39,Monterrey,1,MONTERREY,2561,1.9039E+12,4073,874,0.259,0.656,0.294,2.537,0.915,2.517,0.000,0.114,0.114,Bajo
19,Nuevo León,39,Monterrey,1,MONTERREY,2576,1.9039E+12,3990,882,0.274,0.657,0.331,5.119,0.454,0.227,2.608,0.340,0.227,Bajo
19,Nuevo León,39,Monterrey,1,MONTERREY,2608,1.9039E+12,4098,914,0.227,0.625,0.294,1.978,0.219,0.219,0.000,0.000,0.000,Bajo
19,Nuevo León,39,Monterrey,1,MONTERREY,2612,1.9039E+12,4005,863,0.287,0.657,0.320,2.800,0.463,0.811,0.116,0.000,0.116,Bajo
19,Nuevo León,39,Monterrey,1,MONTERREY,2627,1.9039E+12,1124,286,0.110,0.318,0.232,0.000,0.350,11.189,0.350,0.000,0.000,Bajo
19,Nuevo León,39,Monterrey,1,MONTERREY,2684,1.9039E+12,2046,497,0.049,0.318,0.128,0.000,0.604,0.805,0.000,0.000,0.000,Bajo
19,Nuevo León,39,Monterrey,1,MONTERREY,2716,1.9039E+12,128,35,0.389,0.444,0.148,5.714,0.000,0.000,0.000,0.000,0.000,Bajo
19,Nuevo León,39,Monterrey,1,MONTERREY,2720,1.9039E+12,1030,323,0.059,0.382,0.164,0.000,2.167,0.310,0.000,0.000,0.000,Bajo
19,Nuevo León,39,Monterrey,1,MONTERREY,2754,1.9039E+12,3562,979,0.304,0.621,0.228,2.285,1.634,1.124,0.204,0.204,0.204,Bajo
19,Nuevo León,39,Monterrey,1,MONTERREY,2769,1.9039E+12,123,52,0.028,0.188,0.195,0.000,26.923,0.000,0.000,0.000,0.000,Bajo
19,Nuevo León,39,Monterrey,1,MONTERREY,2805,1.9039E+12,2442,620,0.041,0.252,0.074,0.000,10.323,0.484,0.000,0.000,0.000,Bajo
19,Nuevo León,39,Monterrey,1,MONTERREY,2843,1.9039E+12,3442,843,0.036,0.255,0.124,0.000,5.575,2.135,0.000,0.000,0.000,Bajo
19,Nuevo León,39,Monterrey,1,MONTERREY,2896,1.9039E+12,1242,262,0.067,0.338,0.084,0.000,1.908,0.000,3.053,0.382,0.000,Bajo
19,Nuevo León,39,Monterrey,1,MONTERREY,2909,1.9039E+12,2103,578,0.041,0.335,0.117,0.000,16.955,0.692,0.173,0.000,0.000,Bajo
19,Nuevo León,39,Monterrey,1,MONTERREY,2928,1.9039E+12,1378,398,0.076,0.612,0.097,9.699,27.387,8.291,5.025,5.025,0.754,Bajo
19,Nuevo León,39,Monterrey,1,MONTERREY,2932,1.9039E+12,1865,463,0.133,0.514,0.120,3.103,9.071,0.000,1.728,0.648,0.000,Bajo
19,Nuevo León,39,Monterrey,1,MONTERREY,2947,1.9039E+12,1370,324,0.047,0.476,0.081,0.000,24.074,0.617,1.852,0.000,0.000,Bajo
19,Nuevo León,39,Monterrey,1,MONTERREY,2951,1.9039E+12,6688,1387,0.444,0.760,0.288,5.457,3.244,0.721,1.947,1.081,0.072,Bajo
19,Nuevo León,39,Monterrey,1,MONTERREY,2966,1.9039E+12,1289,345,0.044,0.576,0.080,0.968,9.855,0.870,0.870,0.000,0.000,Bajo
19,Nuevo León,39,Monterrey,1,MONTERREY,2970,1.9039E+12,4969,1186,0.378,0.724,0.279,10.522,6.830,4.553,7.251,2.108,0.253,Bajo
19,Nuevo León,39,Monterrey,1,MONTERREY,2985,1.9039E+12,2939,761,0.122,0.521,0.124,2.050,10.118,7.884,0.131,0.131,0.131,Bajo
19,Nuevo León,39,Monterrey,1,MONTERREY,3004,1.9039E+12,484,109,0.100,0.543,0.141,0.000,19.266,0.000,19.266,3.670,0.000,Bajo
19,Nuevo León,39,Monterrey,1,MONTERREY,3019,1.9039E+12,872,218,0.030,0.496,0.068,0.000,21.560,0.000,0.000,0.000,0.000,Bajo
19,Nuevo León,39,Monterrey,1,MONTERREY,3023,1.9039E+12,70,14,0.026,0.125,0.157,0.000,28.571,0.000,0.000,0.000,0.000,Bajo
19,Nuevo León,39,Monterrey,1,MONTERREY,3038,1.9039E+12,784,172,0.041,0.426,0.084,0.000,21.512,0.581,2.907,0.000,0.000,Bajo
19,Nuevo León,39,Monterrey,1,MONTERREY,3042,1.9039E+12,2479,548,0.068,0.469,0.090,0.207,12.409,0.365,4.380,0.547,0.000,Bajo
19,Nuevo León,39,Monterrey,1,MONTERREY,3061,1.9039E+12,132,33,0.031,0.320,0.023,0.000,6.061,0.000,0.000,0.000,0.000,Bajo
19,Nuevo León,39,Monterrey,1,MONTERREY,3076,1.9039E+12,373,96,0.137,0.582,0.080,1.235,15.625,0.000,5.208,0.000,0.000,Bajo
19,Nuevo León,39,Monterrey,1,MONTERREY,3080,1.9039E+12,161,36,0.105,0.438,0.099,3.226,13.889,0.000,0.000,0.000,0.000,Bajo
19,Nuevo León,39,Monterrey,1,MONTERREY,3095,1.9039E+12,462,107,0.095,0.470,0.147,0.000,15.888,0.000,5.607,0.000,0.000,Bajo
19,Nuevo León,39,Monterrey,1,MONTERREY,3108,1.9039E+12,245,62,0.218,0.429,0.167,0.000,9.677,4.839,8.065,0.000,0.000,Bajo
19,Nuevo León,39,Monterrey,1,MONTERREY,3112,1.9039E+12,166,45,0.375,0.800,0.163,2.381,6.667,6.667,13.333,0.000,0.000,Medio
19,Nuevo León,39,Monterrey,1,MONTERREY,3127,1.9039E+12,286,75,0.418,0.667,0.255,7.042,5.333,13.333,65.333,6.667,0.000,Medio
19,Nuevo León,39,Monterrey,1,MONTERREY,3131,1.9039E+12,274,74,0.248,0.545,0.197,2.899,6.757,0.000,16.216,0.000,0.000,Medio
19,Nuevo León,39,Monterrey,1,MONTERREY,3146,1.9039E+12,118,31,0.123,0.706,0.051,0.000,16.129,3.226,67.742,9.677,0.000,Medio
19,Nuevo León,39,Monterrey,1,MONTERREY,3150,1.9039E+12,184,47,0.100,0.522,0.207,6.818,6.383,0.000,4.255,0.000,0.000,Bajo
19,Nuevo León,39,Monterrey,1,MONTERREY,3165,1.9039E+12,553,117,0.288,0.366,0.320,5.405,5.128,3.419,15.385,2.564,0.000,Bajo
19,Nuevo León,39,Monterrey,1,MONTERREY,3184,1.9039E+12,864,232,0.266,0.574,0.162,7.658,4.741,0.431,3.448,0.862,0.862,Bajo
19,Nuevo León,39,Monterrey,1,MONTERREY,3199,1.9039E+12,808,217,0.339,0.636,0.248,11.616,10.138,2.304,65.438,1.843,0.461,Medio
19,Nuevo León,39,Monterrey,1,MONTERREY,3201,1.9039E+12,257,53,0.181,0.377,0.121,0.000,3.774,1.887,24.528,0.000,0.000,Medio
19,Nuevo León,39,Monterrey,1,MONTERREY,3216,1.9039E+12,327,90,0.389,0.640,0.190,6.897,4.444,3.333,31.111,1.111,0.000,Medio
19,Nuevo León,39,Monterrey,1,MONTERREY,3220,1.9039E+12,41,10,0.069,0.800,0.171,0.000,20.000,0.000,0.000,0.000,0.000,Bajo
19,Nuevo León,39,Monterrey,1,MONTERREY,3305,1.9039E+12,4421,978,0.540,0.813,0.367,4.536,0.818,0.716,0.204,1.125,0.511,Bajo
19,Nuevo León,39,Monterrey,1,MONTERREY,3324,1.9039E+12,3080,652,0.545,0.769,0.281,7.373,1.994,1.994,0.460,0.307,0.460,Bajo
19,Nuevo León,39,Monterrey,1,MONTERREY,3339,1.9039E+12,4055,867,0.465,0.783,0.316,4.567,1.730,0.231,0.231,0.577,0.000,Bajo
19,Nuevo León,39,Monterrey,1,MONTERREY,3343,1.9039E+12,2215,507,0.341,0.637,0.306,3.550,0.789,0.000,0.197,0.789,0.197,Bajo
19,Nuevo León,39,Monterrey,1,MONTERREY,3358,1.9039E+12,3808,835,0.472,0.763,0.319,5.048,0.958,0.838,0.599,0.240,0.000,Bajo
19,Nuevo León,39,Monterrey,1,MONTERREY,3362,1.9039E+12,2093,492,0.312,0.588,0.292,3.476,0.813,1.016,0.000,0.203,0.000,Bajo
19,Nuevo León,39,Monterrey,1,MONTERREY,3377,1.9039E+12,3517,751,0.449,0.741,0.319,4.150,0.533,0.399,0.666,0.000,0.266,Bajo
19,Nuevo León,39,Monterrey,1,MONTERREY,3381,1.9039E+12,4266,967,0.450,0.709,0.303,5.131,1.448,1.344,0.207,0.000,0.000,Bajo
19,Nuevo León,39,Monterrey,1,MONTERREY,3396,1.9039E+12,4943,1063,0.503,0.756,0.319,9.434,2.070,2.352,0.376,0.094,0.188,Bajo
19,Nuevo León,39,Monterrey,1,MONTERREY,3409,1.9039E+12,4350,1149,0.206,0.490,0.230,1.662,1.567,2.002,1.393,1.131,0.174,Bajo
19,Nuevo León,39,Monterrey,1,MONTERREY,3413,1.9039E+12,6587,1777,0.154,0.409,0.171,0.283,0.338,2.983,0.338,0.000,0.000,Bajo
19,Nuevo León,39,Monterrey,1,MONTERREY,3428,1.9039E+12,3787,887,0.371,0.704,0.288,4.654,1.015,1.804,0.451,0.225,0.338,Bajo
19,Nuevo León,39,Monterrey,1,MONTERREY,3432,1.9039E+12,3794,810,0.517,0.753,0.301,7.673,0.370,2.346,0.247,0.370,0.000,Bajo
19,Nuevo León,39,Monterrey,1,MONTERREY,3451,1.9039E+12,4922,1015,0.468,0.729,0.306,6.200,1.084,0.690,0.000,0.099,0.000,Bajo
19,Nuevo León,39,Monterrey,1,MONTERREY,3466,1.9039E+12,2975,811,0.083,0.376,0.228,0.504,2.219,1.480,0.000,0.000,0.000,Bajo
19,Nuevo León,39,Monterrey,1,MONTERREY,3470,1.9039E+12,4651,1206,0.289,0.563,0.206,0.336,1.658,0.166,0.000,0.000,0.000,Bajo
19,Nuevo León,39,Monterrey,1,MONTERREY,3485,1.9039E+12,3391,903,0.323,0.588,0.201,0.222,0.443,0.000,0.000,0.000,0.000,Bajo
19,Nuevo León,39,Monterrey,1,MONTERREY,3502,1.9039E+12,3143,740,0.223,0.604,0.171,0.142,2.432,0.270,0.000,0.000,0.000,Bajo
19,Nuevo León,39,Monterrey,1,MONTERREY,3517,1.9039E+12,3990,943,0.243,0.589,0.180,0.107,1.485,0.742,0.106,0.000,0.000,Bajo
19,Nuevo León,39,Monterrey,1,MONTERREY,3521,1.9039E+12,3114,773,0.230,0.661,0.216,0.389,0.517,0.129,0.000,0.000,0.000,Bajo
19,Nuevo León,39,Monterrey,1,MONTERREY,3536,1.9039E+12,2493,636,0.041,0.284,0.137,0.000,3.616,1.415,0.000,0.000,0.000,Bajo
19,Nuevo León,39,Monterrey,1,MONTERREY,3540,1.9039E+12,2858,790,0.028,0.274,0.139,0.000,5.949,11.519,0.253,0.000,0.000,Bajo
19,Nuevo León,39,Monterrey,1,MONTERREY,3555,1.9039E+12,4309,1293,0.062,0.322,0.157,0.079,0.928,1.160,0.000,0.000,0.000,Bajo
19,Nuevo León,39,Monterrey,1,MONTERREY,3574,1.9039E+12,881,250,0.167,0.373,0.152,0.405,1.200,1.200,0.000,0.000,0.000,Bajo
19,Nuevo León,39,Monterrey,1,MONTERREY,3589,1.9039E+12,2083,627,0.148,0.479,0.162,0.326,0.957,0.957,0.000,0.000,0.000,Bajo
19,Nuevo León,39,Monterrey,1,MONTERREY,3593,1.9039E+12,2266,459,0.406,0.790,0.317,8.824,3.486,2.179,0.000,0.000,0.218,Bajo
19,Nuevo León,39,Monterrey,1,MONTERREY,3606,1.9039E+12,2910,638,0.390,0.741,0.317,7.333,5.643,3.605,0.627,0.313,0.157,Bajo
19,Nuevo León,39,Monterrey,1,MONTERREY,3610,1.9039E+12,2272,630,0.391,0.761,0.336,7.850,6.984,1.746,0.317,0.000,0.159,Bajo
19,Nuevo León,39,Monterrey,1,MONTERREY,3659,1.9039E+12,2047,467,0.388,0.636,0.288,7.281,2.355,2.784,1.713,0.642,0.214,Bajo
19,Nuevo León,39,Monterrey,1,MONTERREY,3663,1.9039E+12,5148,1255,0.392,0.732,0.247,9.585,0.956,0.797,0.478,0.876,0.319,Bajo
19,Nuevo León,39,Monterrey,1,MONTERREY,3682,1.9039E+12,5103,1325,0.350,0.625,0.293,7.500,0.679,1.057,0.075,0.075,0.226,Bajo
19,Nuevo León,39,Monterrey,1,MONTERREY,3697,1.9039E+12,2605,618,0.423,0.789,0.326,9.651,3.074,1.294,0.000,0.162,0.000,Bajo
19,Nuevo León,39,Monterrey,1,MONTERREY,3714,1.9039E+12,4961,1138,0.442,0.730,0.322,9.281,3.691,0.791,0.351,0.000,0.176,Bajo
19,Nuevo León,39,Monterrey,1,MONTERREY,3729,1.9039E+12,3299,780,0.503,0.817,0.298,11.733,4.872,3.462,1.795,1.923,0.385,Bajo
19,Nuevo León,39,Monterrey,1,MONTERREY,3733,1.9039E+12,1851,534,0.083,0.324,0.129,0.212,11.423,0.562,0.000,0.000,0.000,Bajo
19,Nuevo León,39,Monterrey,1,MONTERREY,3748,1.9039E+12,3691,965,0.047,0.270,0.122,0.337,7.254,0.311,0.104,0.207,0.104,Bajo
19,Nuevo León,39,Monterrey,1,MONTERREY,3767,1.9039E+12,2539,688,0.158,0.459,0.167,1.092,6.831,1.017,0.000,0.000,0.000,Bajo
19,Nuevo León,39,Monterrey,1,MONTERREY,3771,1.9039E+12,8416,1804,0.422,0.779,0.365,6.101,1.220,3.326,0.000,0.111,0.000,Bajo
19,Nuevo León,39,Monterrey,1,MONTERREY,3803,1.9039E+12,5874,1277,0.384,0.779,0.324,5.516,0.470,1.331,0.392,0.078,0.078,Bajo
19,Nuevo León,39,Monterrey,1,MONTERREY,3818,1.9039E+12,7228,1518,0.415,0.754,0.365,5.486,0.725,1.845,2.899,0.329,0.329,Bajo
19,Nuevo León,39,Monterrey,1,MONTERREY,3822,1.9039E+12,4724,1266,0.031,0.254,0.103,0.159,0.158,1.659,0.079,0.000,0.000,Bajo
19,Nuevo León,39,Monterrey,1,MONTERREY,3837,1.9039E+12,3992,1001,0.063,0.308,0.137,0.711,0.300,1.199,0.000,0.000,0.000,Bajo
19,Nuevo León,39,Monterrey,1,MONTERREY,3860,1.9039E+12,3520,734,0.459,0.768,0.295,6.602,2.861,1.499,0.272,0.545,0.409,Bajo
19,Nuevo León,39,Monterrey,1,MONTERREY,3894,1.9039E+12,1044,232,0.572,0.764,0.337,15.948,1.724,9.052,4.741,1.724,1.293,Bajo
19,Nuevo León,39,Monterrey,1,MONTERREY,3907,1.9039E+12,1273,266,0.605,0.776,0.306,26.894,4.135,17.293,57.519,35.714,0.000,Medio
19,Nuevo León,39,Monterrey,1,MONTERREY,3911,1.9039E+12,1306,289,0.432,0.850,0.260,28.085,26.644,17.993,21.453,19.031,0.692,Medio
19,Nuevo León,39,Monterrey,1,MONTERREY,3930,1.9039E+12,1460,337,0.595,0.796,0.471,10.542,2.671,13.353,8.902,0.000,0.000,Medio
19,Nuevo León,39,Monterrey,1,MONTERREY,3945,1.9039E+12,28,7,0.000,0.667,0.107,0.000,42.857,0.000,0.000,0.000,0.000,Bajo
19,Nuevo León,39,Monterrey,1,MONTERREY,3964,1.9039E+12,395,100,0.171,0.446,0.132,2.020,0.000,1.000,0.000,0.000,0.000,Bajo
19,Nuevo León,39,Monterrey,1,MONTERREY,3979,1.9039E+12,4864,1042,0.496,0.758,0.357,8.462,1.631,2.687,1.536,1.440,0.480,Bajo
19,Nuevo León,39,Monterrey,1,MONTERREY,3983,1.9039E+12,4242,985,0.425,0.757,0.270,8.961,0.102,1.117,0.203,0.000,0.000,Bajo
19,Nuevo León,39,Monterrey,1,MONTERREY,3998,1.9039E+12,6583,1367,0.536,0.798,0.301,12.851,2.780,4.974,2.634,2.195,0.219,Bajo
19,Nuevo León,39,Monterrey,1,MONTERREY,4002,1.9039E+12,6205,1387,0.520,0.811,0.355,10.065,2.884,6.200,2.379,3.317,0.288,Bajo
19,Nuevo León,39,Monterrey,1,MONTERREY,4017,1.9039E+12,6083,1341,0.425,0.736,0.273,5.165,0.597,1.566,0.298,0.373,0.820,Bajo
19,Nuevo León,39,Monterrey,1,MONTERREY,4021,1.9039E+12,4340,991,0.416,0.725,0.268,4.665,0.605,0.807,0.303,0.000,0.101,Bajo
19,Nuevo León,39,Monterrey,1,MONTERREY,4036,1.9039E+12,4695,1117,0.543,0.782,0.292,8.652,3.223,4.566,16.473,0.537,0.000,Bajo
19,Nuevo León,39,Monterrey,1,MONTERREY,4040,1.9039E+12,3487,811,0.477,0.759,0.319,6.234,1.110,3.329,0.123,0.247,0.000,Bajo
19,Nuevo León,39,Monterrey,1,MONTERREY,4055,1.9039E+12,4846,1049,0.512,0.782,0.349,12.249,3.622,3.908,1.430,1.239,0.095,Bajo
19,Nuevo León,39,Monterrey,1,MONTERREY,4074,1.9039E+12,6145,1632,0.063,0.273,0.167,0.000,0.613,1.838,0.000,0.000,0.000,Bajo
19,Nuevo León,39,Monterrey,1,MONTERREY,4093,1.9039E+12,2839,693,0.419,0.717,0.330,4.920,1.010,3.175,0.144,0.433,0.000,Bajo
19,Nuevo León,39,Monterrey,1,MONTERREY,4106,1.9039E+12,4524,1199,0.227,0.498,0.204,0.418,0.250,0.167,0.167,0.000,0.000,Bajo
19,Nuevo León,39,Monterrey,1,MONTERREY,4110,1.9039E+12,3180,810,0.295,0.523,0.263,1.741,0.988,0.494,0.123,0.000,0.000,Bajo
19,Nuevo León,39,Monterrey,1,MONTERREY,4125,1.9039E+12,1859,556,0.269,0.555,0.233,0.540,0.180,0.000,0.000,0.000,0.000,Bajo
19,Nuevo León,39,Monterrey,1,MONTERREY,4144,1.9039E+12,622,168,0.076,0.406,0.096,0.000,22.024,1.786,0.000,0.000,0.000,Bajo
19,Nuevo León,39,Monterrey,1,MONTERREY,4159,1.9039E+12,543,143,0.065,0.266,0.182,0.826,16.084,0.000,0.000,0.000,0.000,Bajo
19,Nuevo León,39,Monterrey,1,MONTERREY,4163,1.9039E+12,3623,834,0.497,0.766,0.328,12.183,1.439,2.878,2.278,1.079,0.120,Bajo
19,Nuevo León,39,Monterrey,1,MONTERREY,4178,1.9039E+12,4665,1154,0.481,0.748,0.286,12.073,1.993,2.600,1.213,0.607,0.260,Bajo
19,Nuevo León,39,Monterrey,1,MONTERREY,4182,1.9039E+12,3104,753,0.371,0.695,0.267,7.641,2.523,1.062,0.266,0.133,0.000,Bajo
19,Nuevo León,39,Monterrey,1,MONTERREY,4197,1.9039E+12,2610,604,0.469,0.718,0.252,13.667,1.490,5.629,7.119,0.497,0.166,Bajo
19,Nuevo León,39,Monterrey,1,MONTERREY,4214,1.9039E+12,4912,1257,0.449,0.740,0.299,10.207,0.318,1.034,0.318,0.080,0.080,Bajo
19,Nuevo León,39,Monterrey,1,MONTERREY,4229,1.9039E+12,3250,867,0.376,0.699,0.284,7.648,0.807,0.692,0.231,0.231,0.000,Bajo
19,Nuevo León,39,Monterrey,1,MONTERREY,4233,1.9039E+12,3186,965,0.036,0.261,0.148,0.000,6.114,0.518,0.207,0.000,0.000,Bajo
19,Nuevo León,39,Monterrey,1,MONTERREY,4248,1.9039E+12,2250,577,0.023,0.232,0.118,0.000,8.839,1.560,0.000,0.000,0.000,Bajo
19,Nuevo León,39,Monterrey,1,MONTERREY,4252,1.9039E+12,688,140,0.054,0.395,0.106,0.855,17.143,0.000,0.000,0.000,0.000,Bajo
19,Nuevo León,39,Monterrey,1,MONTERREY,4267,1.9039E+12,38,8,0.609,0.889,0.237,12.500,0.000,0.000,25.000,0.000,12.500,Medio
19,Nuevo León,39,Monterrey,1,MONTERREY,4271,1.9039E+12,1240,318,0.027,0.281,0.098,0.000,3.459,0.000,0.000,0.000,0.000,Bajo
19,Nuevo León,39,Monterrey,1,MONTERREY,4286,1.9039E+12,749,164,0.274,0.652,0.324,6.707,0.000,3.049,0.610,0.610,0.610,Bajo
19,Nuevo León,39,Monterrey,1,MONTERREY,4290,1.9039E+12,937,222,0.358,0.733,0.267,5.000,0.000,0.901,2.703,0.000,0.450,Bajo
19,Nuevo León,39,Monterrey,1,MONTERREY,4303,1.9039E+12,2301,542,0.323,0.620,0.327,5.926,0.185,2.399,0.369,0.738,0.554,Bajo
19,Nuevo León,39,Monterrey,1,MONTERREY,4318,1.9039E+12,2311,546,0.139,0.434,0.215,0.183,0.366,1.282,0.000,0.000,0.000,Bajo
19,Nuevo León,39,Monterrey,1,MONTERREY,4322,1.9039E+12,2415,560,0.154,0.537,0.231,0.717,0.000,1.071,0.179,0.000,0.000,Bajo
19,Nuevo León,39,Monterrey,1,MONTERREY,4341,1.9039E+12,382,83,0.672,0.708,0.359,25.301,2.410,15.663,95.181,24.096,1.205,Medio
19,Nuevo León,39,Monterrey,1,MONTERREY,4356,1.9039E+12,251,59,0.023,0.196,0.112,0.000,3.390,1.695,1.695,0.000,0.000,Bajo
19,Nuevo León,39,Monterrey,1,MONTERREY,4375,1.9039E+12,1191,291,0.143,0.461,0.223,0.000,1.375,0.687,0.000,0.687,0.000,Bajo
19,Nuevo León,39,Monterrey,1,MONTERREY,4394,1.9039E+12,1113,279,0.144,0.494,0.170,0.360,0.000,2.509,0.000,0.000,0.000,Bajo
19,Nuevo León,39,Monterrey,1,MONTERREY,4407,1.9039E+12,4586,1078,0.186,0.497,0.180,0.468,0.649,1.855,0.000,0.000,0.000,Bajo
19,Nuevo León,39,Monterrey,1,MONTERREY,4411,1.9039E+12,3766,946,0.131,0.467,0.174,0.211,0.317,1.374,0.000,0.211,0.000,Bajo
19,Nuevo León,39,Monterrey,1,MONTERREY,4426,1.9039E+12,1081,244,0.339,0.721,0.310,2.869,0.410,0.410,0.000,0.000,0.000,Bajo
19,Nuevo León,39,Monterrey,1,MONTERREY,4430,1.9039E+12,4920,1313,0.072,0.424,0.105,0.076,0.762,1.066,0.152,0.000,0.000,Bajo
19,Nuevo León,39,Monterrey,1,MONTERREY,4464,1.9039E+12,4903,1044,0.425,0.758,0.374,4.734,0.862,2.299,0.287,0.192,0.096,Bajo
19,Nuevo León,39,Monterrey,1,MONTERREY,4479,1.9039E+12,3892,853,0.429,0.774,0.415,5.332,0.821,1.993,0.586,0.586,0.117,Bajo
19,Nuevo León,39,Monterrey,1,MONTERREY,4483,1.9039E+12,2372,552,0.251,0.536,0.248,4.174,0.362,1.268,0.362,0.181,0.362,Bajo
19,Nuevo León,39,Monterrey,1,MONTERREY,4498,1.9039E+12,852,195,0.190,0.445,0.291,3.590,0.000,0.513,0.000,0.000,0.000,Bajo
19,Nuevo León,39,Monterrey,1,MONTERREY,4500,1.9039E+12,2999,649,0.630,0.783,0.344,14.884,2.003,5.547,0.924,0.154,0.616,Bajo
19,Nuevo León,39,Monterrey,1,MONTERREY,4515,1.9039E+12,3707,969,0.266,0.508,0.186,2.413,2.270,1.445,0.516,0.310,0.103,Bajo
19,Nuevo León,39,Monterrey,1,MONTERREY,4534,1.9039E+12,1633,395,0.397,0.637,0.263,7.592,2.785,1.013,0.506,0.000,0.253,Bajo
19,Nuevo León,39,Monterrey,1,MONTERREY,4549,1.9039E+12,4644,1126,0.283,0.595,0.258,4.430,1.599,0.977,0.089,0.444,0.089,Bajo
19,Nuevo León,39,Monterrey,1,MONTERREY,4553,1.9039E+12,4235,960,0.388,0.652,0.307,7.725,1.354,0.833,0.208,0.729,0.208,Bajo
19,Nuevo León,39,Monterrey,1,MONTERREY,4568,1.9039E+12,483,114,0.035,0.224,0.077,0.000,6.140,0.000,0.000,0.000,0.000,Bajo
19,Nuevo León,39,Monterrey,1,MONTERREY,4572,1.9039E+12,1832,580,0.249,0.514,0.211,1.613,0.517,1.724,0.000,0.000,0.172,Bajo
19,Nuevo León,39,Monterrey,1,MONTERREY,4587,1.9039E+12,1497,475,0.259,0.575,0.226,3.167,0.211,4.842,0.842,0.000,0.000,Bajo
19,Nuevo León,39,Monterrey,1,MONTERREY,4591,1.9039E+12,78,23,0.333,0.733,0.359,4.762,21.739,0.000,4.348,4.348,0.000,Bajo
19,Nuevo León,39,Monterrey,1,MONTERREY,4604,1.9039E+12,2243,609,0.103,0.347,0.143,1.246,7.718,0.328,0.000,0.000,0.000,Bajo
19,Nuevo León,39,Monterrey,1,MONTERREY,4619,1.9039E+12,2468,643,0.031,0.366,0.092,0.180,13.997,0.311,0.000,0.000,0.000,Bajo
19,Nuevo León,39,Monterrey,1,MONTERREY,4623,1.9039E+12,2141,563,0.240,0.527,0.203,2.124,7.460,0.533,0.000,0.178,0.178,Bajo
19,Nuevo León,39,Monterrey,1,MONTERREY,4638,1.9039E+12,4250,1060,0.507,0.736,0.313,11.350,4.528,3.019,1.509,0.660,0.189,Bajo
19,Nuevo León,39,Monterrey,1,MONTERREY,4642,1.9039E+12,2680,642,0.597,0.843,0.298,12.459,7.788,6.075,4.829,1.713,0.156,Bajo
19,Nuevo León,39,Monterrey,1,MONTERREY,4657,1.9039E+12,3452,809,0.460,0.771,0.265,10.065,6.551,1.978,0.742,0.742,0.124,Bajo
19,Nuevo León,39,Monterrey,1,MONTERREY,4661,1.9039E+12,2168,755,0.125,0.256,0.138,0.133,0.795,0.265,0.132,0.132,0.132,Bajo
19,Nuevo León,39,Monterrey,1,MONTERREY,4676,1.9039E+12,2037,651,0.065,0.300,0.174,0.000,0.307,0.000,0.000,0.000,0.000,Bajo
19,Nuevo León,39,Monterrey,1,MONTERREY,4680,1.9039E+12,2638,758,0.055,0.313,0.159,0.000,0.396,1.847,0.000,0.000,0.000,Bajo
19,Nuevo León,39,Monterrey,1,MONTERREY,4695,1.9039E+12,4025,900,0.389,0.798,0.352,5.469,0.667,3.111,0.667,0.444,0.000,Bajo
19,Nuevo León,39,Monterrey,1,MONTERREY,4708,1.9039E+12,4382,1008,0.427,0.796,0.339,5.677,0.595,3.770,0.397,0.198,0.000,Bajo
19,Nuevo León,39,Monterrey,1,MONTERREY,4712,1.9039E+12,3798,924,0.483,0.779,0.318,10.164,0.649,1.407,0.000,0.000,0.000,Bajo
19,Nuevo León,39,Monterrey,1,MONTERREY,4727,1.9039E+12,3537,862,0.453,0.780,0.282,10.268,0.580,2.088,0.232,0.000,0.000,Bajo
19,Nuevo León,39,Monterrey,1,MONTERREY,4731,1.9039E+12,3073,866,0.112,0.395,0.160,0.000,4.503,1.270,0.115,0.000,0.000,Bajo
19,Nuevo León,39,Monterrey,1,MONTERREY,4746,1.9039E+12,1286,315,0.140,0.527,0.163,0.000,1.270,0.952,0.000,0.000,0.000,Bajo
19,Nuevo León,39,Monterrey,1,MONTERREY,4750,1.9039E+12,4398,1125,0.173,0.612,0.160,2.046,0.000,0.267,0.000,0.000,0.000,Bajo
19,Nuevo León,39,Monterrey,1,MONTERREY,4765,1.9039E+12,466,113,0.048,0.206,0.148,0.000,6.195,0.885,0.885,0.000,0.000,Bajo
19,Nuevo León,39,Monterrey,1,MONTERREY,4784,1.9039E+12,3597,995,0.032,0.215,0.138,0.000,6.332,2.714,0.201,0.000,0.000,Bajo
19,Nuevo León,39,Monterrey,1,MONTERREY,4799,1.9039E+12,2648,721,0.045,0.286,0.110,0.000,5.270,1.664,0.139,0.000,0.000,Bajo
19,Nuevo León,39,Monterrey,1,MONTERREY,4801,1.9039E+12,2207,528,0.037,0.310,0.089,0.000,2.841,3.220,0.379,0.000,0.000,Bajo
19,Nuevo León,39,Monterrey,1,MONTERREY,4816,1.9039E+12,4128,1027,0.135,0.539,0.145,0.098,0.292,0.000,0.097,0.097,0.000,Bajo
19,Nuevo León,39,Monterrey,1,MONTERREY,4820,1.9039E+12,2853,755,0.084,0.515,0.149,0.265,0.000,0.000,0.000,0.000,0.000,Bajo
19,Nuevo León,39,Monterrey,1,MONTERREY,4835,1.9039E+12,7254,2022,0.094,0.483,0.145,0.199,0.692,1.137,0.148,0.049,0.000,Bajo
19,Nuevo León,39,Monterrey,1,MONTERREY,4854,1.9039E+12,2295,678,0.051,0.341,0.145,0.000,0.442,0.737,0.000,0.000,0.000,Bajo
19,Nuevo León,39,Monterrey,1,MONTERREY,4869,1.9039E+12,3131,775,0.038,0.359,0.086,0.000,6.710,0.516,0.000,0.000,0.000,Bajo
19,Nuevo León,39,Monterrey,1,MONTERREY,4873,1.9039E+12,2406,618,0.032,0.290,0.108,0.000,10.032,0.485,0.000,0.000,0.000,Bajo
19,Nuevo León,39,Monterrey,1,MONTERREY,4888,1.9039E+12,372,79,0.085,0.525,0.116,0.000,12.658,0.000,0.000,0.000,0.000,Bajo
19,Nuevo León,39,Monterrey,1,MONTERREY,4892,1.9039E+12,112,24,0.029,0.500,0.089,0.000,16.667,0.000,0.000,0.000,0.000,Bajo
19,Nuevo León,39,Monterrey,1,MONTERREY,4905,1.9039E+12,351,95,0.042,0.333,0.111,0.000,11.579,0.000,1.053,0.000,0.000,Bajo
19,Nuevo León,39,Monterrey,1,MONTERREY,4924,1.9039E+12,2288,600,0.031,0.261,0.081,0.000,0.333,3.333,0.167,0.000,0.000,Bajo
19,Nuevo León,39,Monterrey,1,MONTERREY,4939,1.9039E+12,2188,592,0.033,0.242,0.093,0.000,4.561,0.676,0.338,0.000,0.000,Bajo
19,Nuevo León,39,Monterrey,1,MONTERREY,4943,1.9039E+12,3585,856,0.493,0.782,0.295,13.380,1.402,10.981,3.621,1.869,0.117,Bajo
19,Nuevo León,39,Monterrey,1,MONTERREY,4958,1.9039E+12,4899,1152,0.452,0.803,0.311,16.010,2.431,10.938,11.372,2.344,0.174,Bajo
19,Nuevo León,39,Monterrey,1,MONTERREY,4962,1.9039E+12,4364,1043,0.482,0.789,0.317,19.789,1.726,21.764,2.301,2.109,0.671,Bajo
19,Nuevo León,39,Monterrey,1,MONTERREY,4977,1.9039E+12,3045,700,0.457,0.786,0.260,11.731,0.571,4.571,1.429,0.143,0.000,Bajo
19,Nuevo León,39,Monterrey,1,MONTERREY,4981,1.9039E+12,4777,1085,0.532,0.787,0.327,17.620,0.461,9.954,1.290,0.461,0.276,Bajo
19,Nuevo León,39,Monterrey,1,MONTERREY,4996,1.9039E+12,4907,1168,0.321,0.717,0.214,4.041,1.455,2.312,0.599,0.599,0.171,Bajo
19,Nuevo León,39,Monterrey,1,MONTERREY,5000,1.9039E+12,2606,588,0.455,0.812,0.238,13.504,1.020,3.401,0.170,0.510,0.170,Bajo
19,Nuevo León,39,Monterrey,1,MONTERREY,5015,1.9039E+12,2294,523,0.441,0.760,0.293,15.488,0.765,15.105,2.677,5.927,0.382,Bajo
19,Nuevo León,39,Monterrey,1,MONTERREY,5034,1.9039E+12,3157,706,0.412,0.699,0.266,9.233,0.283,3.116,0.992,1.558,0.425,Bajo
19,Nuevo León,39,Monterrey,1,MONTERREY,5049,1.9039E+12,2395,596,0.294,0.731,0.237,5.556,0.336,3.020,0.168,0.503,0.168,Bajo
19,Nuevo León,39,Monterrey,1,MONTERREY,5053,1.9039E+12,938,203,0.425,0.628,0.221,6.931,0.000,4.433,0.985,0.493,0.000,Bajo
19,Nuevo León,39,Monterrey,1,MONTERREY,5068,1.9039E+12,2313,613,0.218,0.696,0.227,0.821,0.326,1.142,1.305,0.000,0.000,Bajo
19,Nuevo León,39,Monterrey,1,MONTERREY,5072,1.9039E+12,754,214,0.032,0.176,0.101,0.000,6.075,0.000,0.000,0.000,0.000,Bajo
19,Nuevo León,39,Monterrey,1,MONTERREY,5087,1.9039E+12,4518,1291,0.098,0.430,0.156,0.838,4.880,0.852,0.000,0.000,0.000,Bajo
19,Nuevo León,39,Monterrey,1,MONTERREY,5091,1.9039E+12,1473,431,0.022,0.384,0.155,0.000,9.281,0.928,0.232,0.000,0.000,Bajo
19,Nuevo León,39,Monterrey,1,MONTERREY,5104,1.9039E+12,3842,1005,0.245,0.749,0.366,2.398,0.995,1.592,1.592,1.791,0.199,Bajo
19,Nuevo León,39,Monterrey,1,MONTERREY,5119,1.9039E+12,1866,547,0.031,0.282,0.106,0.000,7.861,0.914,0.366,0.000,0.000,Bajo
19,Nuevo León,39,Monterrey,1,MONTERREY,5138,1.9039E+12,2675,794,0.017,0.504,0.070,0.000,18.010,0.504,0.000,0.000,0.000,Bajo
19,Nuevo León,39,Monterrey,1,MONTERREY,5142,1.9039E+12,872,244,0.040,0.359,0.079,0.000,0.000,1.230,0.410,0.000,0.000,Bajo
19,Nuevo León,39,Monterrey,1,MONTERREY,5157,1.9039E+12,4648,1469,0.019,0.358,0.091,0.000,5.378,3.131,0.136,0.000,0.000,Bajo
19,Nuevo León,39,Monterrey,1,MONTERREY,5161,1.9039E+12,591,170,0.028,0.542,0.080,0.000,0.588,0.000,0.000,0.000,0.000,Bajo
19,Nuevo León,39,Monterrey,1,MONTERREY,5176,1.9039E+12,217,53,0.020,0.424,0.060,0.000,18.868,0.000,0.000,0.000,0.000,Bajo
19,Nuevo León,39,Monterrey,1,MONTERREY,5180,1.9039E+12,199,44,0.024,0.417,0.055,0.000,11.364,2.273,0.000,0.000,0.000,Bajo
19,Nuevo León,39,Monterrey,1,MONTERREY,5195,1.9039E+12,247,42,0.128,0.339,0.126,0.000,2.381,0.000,4.762,0.000,0.000,Bajo
19,Nuevo León,39,Monterrey,1,MONTERREY,5208,1.9039E+12,3631,951,0.036,0.365,0.091,0.117,7.992,1.052,1.577,0.000,0.000,Bajo
19,Nuevo León,39,Monterrey,1,MONTERREY,5212,1.9039E+12,2798,803,0.027,0.263,0.091,0.000,6.849,1.619,0.125,0.000,0.000,Bajo
19,Nuevo León,39,Monterrey,1,MONTERREY,5227,1.9039E+12,441,135,0.010,0.256,0.045,0.000,12.593,3.704,0.000,0.000,0.000,Bajo
19,Nuevo León,39,Monterrey,1,MONTERREY,5231,1.9039E+12,493,137,0.010,0.326,0.059,0.000,3.650,1.460,21.168,0.000,0.000,Bajo
19,Nuevo León,39,Monterrey,1,MONTERREY,5246,1.9039E+12,546,142,0.029,0.281,0.110,0.000,11.268,4.930,1.408,0.000,0.000,Bajo
19,Nuevo León,39,Monterrey,1,MONTERREY,5250,1.9039E+12,1009,298,0.023,0.360,0.066,0.000,5.034,2.013,4.027,0.336,0.000,Bajo
19,Nuevo León,39,Monterrey,1,MONTERREY,5284,1.9039E+12,208,49,0.065,0.464,0.077,0.000,0.000,4.082,0.000,0.000,0.000,Bajo
19,Nuevo León,39,Monterrey,1,MONTERREY,5299,1.9039E+12,62,12,0.033,0.500,0.016,0.000,0.000,0.000,0.000,0.000,0.000,Bajo
19,Nuevo León,39,Monterrey,1,MONTERREY,5301,1.9039E+12,37,5,0.083,0.000,0.054,0.000,0.000,0.000,0.000,0.000,0.000,Bajo
19,Nuevo León,39,Monterrey,1,MONTERREY,5335,1.9039E+12,6,1,#VALUE!,#VALUE!,#VALUE!,*,*,*,*,*,*,Bajo
19,Nuevo León,39,Monterrey,1,MONTERREY,018A,190390001018A,4222,1008,0.368,0.633,0.268,2.584,0.198,0.298,0.099,0.000,0.198,Bajo
19,Nuevo León,39,Monterrey,1,MONTERREY,025A,190390001025A,4318,1061,0.326,0.574,0.239,1.613,0.471,1.037,0.000,0.377,0.189,Bajo
19,Nuevo León,39,Monterrey,1,MONTERREY,032A,190390001032A,4718,1044,0.494,0.765,0.334,8.090,2.011,3.544,1.149,1.341,0.096,Bajo
19,Nuevo León,39,Monterrey,1,MONTERREY,057A,190390001057A,1974,488,0.340,0.643,0.281,3.992,1.434,0.205,0.000,0.205,0.000,Bajo
19,Nuevo León,39,Monterrey,1,MONTERREY,064A,190390001064A,2935,858,0.249,0.445,0.173,0.713,1.981,1.748,0.000,0.000,0.000,Bajo
19,Nuevo León,39,Monterrey,1,MONTERREY,071A,190390001071A,2015,600,0.055,0.284,0.151,0.000,0.000,2.000,0.000,0.167,0.167,Bajo
19,Nuevo León,39,Monterrey,1,MONTERREY,089A,190390001089A,2476,842,0.075,0.344,0.175,0.000,10.095,0.831,0.119,0.000,0.000,Bajo
19,Nuevo León,39,Monterrey,1,MONTERREY,096A,190390001096A,936,277,0.272,0.517,0.295,0.727,0.361,0.000,0.361,0.000,0.361,Bajo
19,Nuevo León,39,Monterrey,1,MONTERREY,107A,190390001107A,2340,636,0.352,0.696,0.300,3.883,2.516,1.415,0.157,0.157,0.472,Bajo
19,Nuevo León,39,Monterrey,1,MONTERREY,114A,190390001114A,1521,491,0.051,0.274,0.163,0.000,0.815,0.815,0.204,0.000,0.000,Bajo
19,Nuevo León,39,Monterrey,1,MONTERREY,139A,190390001139A,1181,352,0.298,0.497,0.168,0.000,7.102,1.989,0.284,0.000,0.000,Bajo
19,Nuevo León,39,Monterrey,1,MONTERREY,146A,190390001146A,2190,703,0.156,0.543,0.247,1.775,3.698,0.142,0.000,0.000,0.000,Bajo
19,Nuevo León,39,Monterrey,1,MONTERREY,153A,190390001153A,296,93,0.148,0.587,0.247,0.000,16.129,0.000,0.000,0.000,0.000,Bajo
19,Nuevo León,39,Monterrey,1,MONTERREY,160A,190390001160A,2050,591,0.245,0.440,0.180,0.518,2.030,1.523,0.000,0.000,0.338,Bajo
19,Nuevo León,39,Monterrey,1,MONTERREY,178A,190390001178A,2091,669,0.150,0.366,0.139,0.305,1.943,0.299,0.149,0.000,0.000,Bajo
19,Nuevo León,39,Monterrey,1,MONTERREY,185A,190390001185A,2641,670,0.333,0.559,0.240,4.954,10.448,1.493,0.299,0.448,0.149,Bajo
19,Nuevo León,39,Monterrey,1,MONTERREY,192A,190390001192A,2064,681,0.112,0.331,0.139,0.000,0.147,0.147,0.294,0.000,0.000,Bajo
19,Nuevo León,39,Monterrey,1,MONTERREY,210A,190390001210A,2126,716,0.063,0.184,0.152,0.141,0.838,0.698,0.000,0.140,0.000,Bajo
19,Nuevo León,39,Monterrey,1,MONTERREY,228A,190390001228A,2662,713,0.036,0.277,0.109,0.149,3.787,1.122,0.000,0.000,0.000,Bajo
19,Nuevo León,39,Monterrey,1,MONTERREY,235A,190390001235A,2399,667,0.055,0.278,0.130,0.000,11.094,0.000,0.150,0.000,0.000,Bajo
19,Nuevo León,39,Monterrey,1,MONTERREY,267A,190390001267A,4014,1054,0.203,0.472,0.210,1.616,0.095,1.139,0.095,0.095,0.000,Bajo
19,Nuevo León,39,Monterrey,1,MONTERREY,281A,190390001281A,108,17,0.091,0.423,0.056,0.000,5.882,0.000,0.000,0.000,0.000,Bajo
19,Nuevo León,39,Monterrey,1,MONTERREY,299A,190390001299A,5782,1397,0.445,0.737,0.333,14.141,2.004,3.722,7.301,0.787,0.215,Bajo
19,Nuevo León,39,Monterrey,1,MONTERREY,317A,190390001317A,830,194,0.290,0.582,0.335,10.983,9.794,1.031,80.928,6.701,0.515,Medio
19,Nuevo León,39,Monterrey,1,MONTERREY,331A,190390001331A,4503,986,0.477,0.777,0.363,5.139,1.521,1.116,0.203,0.406,0.101,Bajo
19,Nuevo León,39,Monterrey,1,MONTERREY,349A,190390001349A,3068,717,0.204,0.617,0.206,0.281,0.697,0.139,0.000,0.000,0.000,Bajo
19,Nuevo León,39,Monterrey,1,MONTERREY,356A,190390001356A,1516,395,0.036,0.270,0.130,0.000,5.823,2.278,0.000,0.000,0.000,Bajo
19,Nuevo León,39,Monterrey,1,MONTERREY,363A,190390001363A,3636,659,0.453,0.766,0.321,8.147,5.463,4.249,1.517,0.759,0.455,Bajo
19,Nuevo León,39,Monterrey,1,MONTERREY,370A,190390001370A,4248,1035,0.452,0.763,0.270,12.247,6.280,2.415,2.995,4.638,0.193,Bajo
19,Nuevo León,39,Monterrey,1,MONTERREY,395A,190390001395A,287,82,0.061,0.197,0.206,0.000,6.098,6.098,0.000,0.000,0.000,Bajo
19,Nuevo León,39,Monterrey,1,MONTERREY,406A,190390001406A,4628,1014,0.497,0.790,0.355,9.710,3.748,3.649,0.493,0.296,0.099,Bajo
19,Nuevo León,39,Monterrey,1,MONTERREY,413A,190390001413A,2077,629,0.214,0.565,0.234,0.319,0.000,0.000,0.000,0.000,0.000,Bajo
19,Nuevo León,39,Monterrey,1,MONTERREY,420A,190390001420A,3559,828,0.462,0.747,0.278,14.320,2.778,5.556,4.952,1.087,0.725,Bajo
19,Nuevo León,39,Monterrey,1,MONTERREY,438A,190390001438A,4587,1083,0.169,0.477,0.170,0.093,0.277,0.462,0.092,0.000,0.092,Bajo
19,Nuevo León,39,Monterrey,1,MONTERREY,445A,190390001445A,2651,656,0.173,0.372,0.189,2.773,0.915,0.762,0.915,0.152,0.152,Bajo
19,Nuevo León,39,Monterrey,1,MONTERREY,452A,190390001452A,2712,648,0.515,0.726,0.258,7.500,4.321,2.160,6.019,7.407,0.463,Bajo
19,Nuevo León,39,Monterrey,1,MONTERREY,477A,190390001477A,468,128,0.028,0.283,0.107,0.000,0.781,0.781,0.781,0.000,0.000,Bajo
19,Nuevo León,39,Monterrey,1,MONTERREY,484A,190390001484A,4126,1184,0.070,0.422,0.133,0.085,0.422,1.605,0.000,0.084,0.000,Bajo
19,Nuevo León,39,Monterrey,1,MONTERREY,491A,190390001491A,719,159,0.068,0.387,0.114,0.000,0.629,1.887,0.000,0.000,0.000,Bajo
19,Nuevo León,39,Monterrey,1,MONTERREY,502A,190390001502A,2936,671,0.382,0.701,0.278,5.979,0.596,3.726,4.173,2.534,0.596,Bajo
19,Nuevo León,39,Monterrey,1,MONTERREY,527A,190390001527A,628,192,0.026,0.246,0.107,0.000,3.646,2.604,2.604,0.000,0.000,Bajo
